{
  "train_loss": [
    1.491565891188018,
    1.4414617781736412,
    1.4199715886797224,
    1.3981119559735669,
    1.3885368785079644,
    1.3572752845530607,
    1.3637289971721416,
    1.3481993198394775,
    1.3455401712534378,
    1.337570217677525,
    1.320666589542311,
    1.3306344426408105,
    1.3129260199410575,
    1.3166363180900107,
    1.309021054968542,
    1.3113709994724818,
    1.2995822174208504,
    1.3041318134385713,
    1.3023503624663062,
    1.2923374438772397
  ],
  "train_acc": [
    0.3124441608168475,
    0.3329929802169751,
    0.34932992980216976,
    0.36388002552648374,
    0.3765156349712827,
    0.3937460114869177,
    0.39910657306955966,
    0.401914486279515,
    0.40612635609444797,
    0.4154435226547543,
    0.42565411614550097,
    0.41799617102744097,
    0.4257817485641353,
    0.41940012763241863,
    0.4330567964262923,
    0.42680280791320996,
    0.43292916400765796,
    0.4357370772176133,
    0.4328015315890236,
    0.4280791320995533
  ],
  "train_f1": [
    0.28405023553693004,
    0.31310505143031664,
    0.3294817131187176,
    0.3444983982882508,
    0.3554832370587943,
    0.37520584230402704,
    0.3822188142684203,
    0.39057432582076923,
    0.3890189956606303,
    0.3996969169060096,
    0.41268127796865456,
    0.40502509008093823,
    0.41123088077402853,
    0.40517612298308714,
    0.4228524234580931,
    0.4137617299490047,
    0.42127375807935563,
    0.42158760319061384,
    0.42054118701945287,
    0.4164485433488219
  ],
  "val_loss": [
    1.5568441152572632,
    1.3991204500198364,
    1.416006326675415,
    1.3317747116088867,
    1.337117314338684,
    1.350770115852356,
    1.3375803232192993,
    1.2813653945922852,
    1.391417145729065,
    1.2756990194320679,
    1.3347095251083374,
    1.2793874740600586,
    1.2929483652114868,
    1.2913296222686768,
    1.2443803548812866,
    1.263694405555725,
    1.276703953742981,
    1.2385631799697876,
    1.2681348323822021,
    1.2460099458694458
  ],
  "val_acc": [
    0.27068437180796734,
    0.3799795709908069,
    0.36363636363636365,
    0.4330949948927477,
    0.42594484167517876,
    0.3953013278855976,
    0.4157303370786517,
    0.47088866189989786,
    0.3687436159346272,
    0.47088866189989786,
    0.42288049029622066,
    0.45045965270684374,
    0.48314606741573035,
    0.4341164453524004,
    0.4780388151174668,
    0.4576098059244127,
    0.46884576098059244,
    0.48416751787538304,
    0.4770173646578141,
    0.45454545454545453
  ],
  "val_f1": [
    0.24226651561213344,
    0.3491392012653593,
    0.32887175995851026,
    0.4024636630781701,
    0.40269868267828995,
    0.3536665932932901,
    0.38276375668609836,
    0.4312254204235973,
    0.3131975379858744,
    0.4534855983626294,
    0.3617917473729357,
    0.42286436840151587,
    0.465797841754933,
    0.41364417406977444,
    0.4391355143099916,
    0.44205102432121807,
    0.43927137370013153,
    0.46447360938415017,
    0.4574082220511914,
    0.42911858196662545
  ],
  "test_loss": [
    1.264385461807251
  ],
  "test_acc": [
    0.463265306122449
  ],
  "test_f1": [
    0.4429721603289477
  ]
}