{
  "train_loss": [
    1.6012586593627929,
    1.5662513256072998
  ],
  "train_acc": [
    0.2375,
    0.3
  ],
  "train_f1": [
    0.15957142857142856,
    0.23751373626373623
  ],
  "val_loss": [
    1.5666441917419434,
    1.51332688331604
  ],
  "val_acc": [
    0.4,
    0.6
  ],
  "val_f1": [
    0.38,
    0.6
  ],
  "test_loss": [
    1.5715422630310059
  ],
  "test_acc": [
    0.1
  ],
  "test_f1": [
    0.05
  ]
}