{
  "train_loss": [
    1.5645786932536534,
    1.533438847989452,
    1.4860038567562492,
    1.465746943318114,
    1.4587965741449473,
    1.450230701602235,
    1.4360279136774492,
    1.4367861047083017,
    1.4265756183741043,
    1.429770262387334,
    1.428337389109086,
    1.4266025115032586,
    1.4309098292370233,
    1.4209731642080814,
    1.4134936468941826,
    1.4146398592968377,
    1.4137750581819184,
    1.408782485066628,
    1.4117160563566247,
    1.3954434200209014
  ],
  "train_acc": [
    0.29304403318442884,
    0.3193363114231015,
    0.3567326100829611,
    0.36566687938736436,
    0.3679642629227824,
    0.3757498404594767,
    0.3752393107849394,
    0.3767708998085514,
    0.37791959157626037,
    0.3837906828334397,
    0.3825143586470964,
    0.385067007019783,
    0.382003828972559,
    0.3791959157626037,
    0.380472239948947,
    0.3895341416719847,
    0.38519463943841736,
    0.38723675813656666,
    0.388130185067007,
    0.40025526483726864
  ],
  "train_f1": [
    0.2088630101400956,
    0.24380158176932692,
    0.2888357751375067,
    0.3067945423725803,
    0.3054441874447271,
    0.3148694155663147,
    0.3267050620849459,
    0.32109992600876525,
    0.3245718440114629,
    0.33835109698443205,
    0.3316397058558109,
    0.3348230189365301,
    0.33411781760308057,
    0.33242203135677467,
    0.340689062528647,
    0.34809511649984454,
    0.34914708513388526,
    0.34667743685093544,
    0.3550058554393907,
    0.3726300234798506
  ],
  "val_loss": [
    1.5469802618026733,
    1.4759366512298584,
    1.4452824592590332,
    1.4204163551330566,
    1.4421900510787964,
    1.372668981552124,
    1.3792638778686523,
    1.3925329446792603,
    1.3332768678665161,
    1.3575607538223267,
    1.331921100616455,
    1.3123692274093628,
    1.3527106046676636,
    1.3251374959945679,
    1.3308905363082886,
    1.3021252155303955,
    1.3716518878936768,
    1.3067891597747803,
    1.3214536905288696,
    1.2972712516784668
  ],
  "val_acc": [
    0.27579162410623087,
    0.3626149131767109,
    0.3575076608784474,
    0.4024514811031665,
    0.40960163432073543,
    0.41266598569969354,
    0.4004085801838611,
    0.432073544433095,
    0.4371807967313585,
    0.43615934627170583,
    0.4371807967313585,
    0.4463738508682329,
    0.40960163432073543,
    0.424923391215526,
    0.4463738508682329,
    0.449438202247191,
    0.42594484167517876,
    0.4576098059244127,
    0.4402451481103167,
    0.46884576098059244
  ],
  "val_f1": [
    0.1192373715111006,
    0.26016802286212715,
    0.2832407750705208,
    0.33164133826372294,
    0.3398308187475209,
    0.3649390746430101,
    0.3243998877400397,
    0.3330298937373034,
    0.347144394648447,
    0.35899689913491317,
    0.38145730444507187,
    0.3771094846004546,
    0.3243806369397398,
    0.35383228934911476,
    0.40872565278333234,
    0.421454689675969,
    0.39555408920074536,
    0.4205172720328085,
    0.39219940795463676,
    0.4110090820397963
  ],
  "test_loss": [
    1.313944697380066
  ],
  "test_acc": [
    0.45102040816326533
  ],
  "test_f1": [
    0.39827067273013816
  ]
}