{
  "train_loss": [
    1.5841610789299012,
    1.531066358089447
  ],
  "train_acc": [
    0.2375,
    0.225
  ],
  "train_f1": [
    0.2348366432083293,
    0.14735772357723578
  ],
  "val_loss": [
    1.5214312076568604,
    1.4330240488052368
  ],
  "val_acc": [
    0.1,
    0.5
  ],
  "val_f1": [
    0.02,
    0.38461538461538464
  ],
  "test_loss": [
    1.4718197584152222
  ],
  "test_acc": [
    0.1
  ],
  "test_f1": [
    0.02
  ]
}