{
  "train_loss": [
    1.4835339604591837,
    1.3989006198182399,
    1.320782097018495,
    1.2373011997767858,
    1.1954799107142857,
    1.1656055683992348,
    1.0960030691964286,
    1.0709133848852042,
    1.0401456871811225,
    0.9982023278061225,
    0.984010346081792,
    0.9566365144690688,
    0.9268509845344388,
    0.9041459686902105,
    0.8875250991509885,
    0.8580997389190052,
    0.8484420464963329
  ],
  "train_acc": [
    0.3111281265952016,
    0.3597498723838693,
    0.41870852475752934,
    0.47881572230729963,
    0.5001276161306789,
    0.5117406840224604,
    0.5483665135273098,
    0.5570444104134763,
    0.5737621235324145,
    0.5922664624808576,
    0.6033690658499234,
    0.6181725370086779,
    0.6208524757529351,
    0.6416539050535988,
    0.642802450229709,
    0.6542879019908117,
    0.6607963246554365
  ],
  "train_f1": [
    0.27650089222811,
    0.3469467681873771,
    0.4086066556241838,
    0.472122060883058,
    0.4946661119777955,
    0.5085590225459975,
    0.544588515275001,
    0.5528349655000036,
    0.5706586810509161,
    0.5894316287882037,
    0.6007918429053858,
    0.6152467242016595,
    0.6176888100671414,
    0.6390697336497966,
    0.6405877229188368,
    0.652329759110526,
    0.658660652466566
  ],
  "val_loss": [
    1.4076801423103578,
    1.3906076492801789,
    1.2539498113816785,
    1.1908398289834299,
    1.319579093686996,
    1.1788686936901462,
    1.1268145653509325,
    1.191953351420741,
    1.170167246172505,
    1.1719461256457913,
    1.1443606961158015,
    1.033660642562374,
    1.057035630749118,
    1.0865196720246346,
    1.0884867022114415,
    1.2056885996172506,
    1.2234636122180569
  ],
  "val_acc": [
    0.35306122448979593,
    0.3653061224489796,
    0.47244897959183674,
    0.5224489795918368,
    0.4377551020408163,
    0.49387755102040815,
    0.5551020408163265,
    0.5316326530612245,
    0.5295918367346939,
    0.5591836734693878,
    0.5653061224489796,
    0.5836734693877551,
    0.5969387755102041,
    0.5693877551020409,
    0.5867346938775511,
    0.55,
    0.5459183673469388
  ],
  "val_f1": [
    0.25601133545863797,
    0.2909316224621803,
    0.46850302294357676,
    0.5230097796404941,
    0.406743625656375,
    0.4751899329178348,
    0.549526464267048,
    0.5119934873693287,
    0.5127220292331327,
    0.5439363049016459,
    0.5501395169662158,
    0.586409712194222,
    0.5933674964263449,
    0.5562871006721375,
    0.57350896002601,
    0.5273336531305461,
    0.5441426921042315
  ],
  "test_loss": [
    1.1618109672300276
  ],
  "test_acc": [
    0.5091836734693878
  ],
  "test_f1": [
    0.5138761738457657
  ]
}