{
  "train_loss": [
    1.545010808900911,
    1.518712596868982,
    1.5092693533216204,
    1.503532214858094,
    1.5009627087992066,
    1.5051849202233918,
    1.5026506028613267,
    1.5019213772549922,
    1.498775805867448,
    1.4935552817218158,
    1.491046374610492,
    1.4913762333441754,
    1.4960789137957047,
    1.4901242349828994,
    1.4912357392359754,
    1.503609434013464,
    1.485982979438743,
    1.4898307305817702,
    1.4936254945336556,
    1.490089541369555,
    1.492514984461726,
    1.490426210238009,
    1.4950769775984238,
    1.484004467908217,
    1.4943746448779593,
    1.486881238830333,
    1.4936129353484329,
    1.489105335182073,
    1.4885290274206473,
    1.4850103580830047,
    1.4877383406064948,
    1.4898966283214337,
    1.4903137609666708,
    1.4930865863148046,
    1.4861943100788155,
    1.4913581071459516,
    1.4912033428342975,
    1.478510591752675,
    1.4840983823854097,
    1.4841955867957095
  ],
  "train_acc": [
    30.389278876834712,
    30.41480536056158,
    31.423101467772813,
    31.703892788768346,
    31.920867900446716,
    31.308232291001914,
    31.959157626037015,
    31.384811742182517,
    31.346522016592214,
    32.137843012125074,
    31.946394384173583,
    32.150606253988514,
    31.882578174856413,
    31.69112954690491,
    32.36758136566688,
    31.09125717932355,
    32.06126356094448,
    32.35481812380345,
    32.086790044671346,
    32.239948947032545,
    32.01021059349075,
    31.729419272495214,
    32.239948947032545,
    32.52074026802808,
    31.512444160816848,
    32.61008296107211,
    32.64837268666241,
    32.21442246330568,
    32.59731971920868,
    32.35481812380345,
    32.252712188895984,
    31.75494575622208,
    32.686662412252716,
    32.87811104020421,
    31.98468410976388,
    31.614550095724315,
    32.316528398213144,
    32.980216975111674,
    32.507977026164646,
    32.59731971920868
  ],
  "train_f1": [
    0.20559693116380395,
    0.2228237868961635,
    0.24637144876363326,
    0.25131605111716515,
    0.24986272699393033,
    0.2534193038809659,
    0.2549462105889572,
    0.2507663031666963,
    0.2529588020685996,
    0.25837553749431197,
    0.2629054548905986,
    0.26955172119693044,
    0.25862977678699145,
    0.26547575049154104,
    0.26278062362996624,
    0.2538835585259128,
    0.26271835308736263,
    0.270723498951798,
    0.2637504380360542,
    0.26394192871349414,
    0.2653713388542683,
    0.25843214374793305,
    0.26182115723238314,
    0.2698185453608066,
    0.258989970272313,
    0.26913370640432144,
    0.2746161436948814,
    0.2625595850671612,
    0.2684710953548473,
    0.2670625227279821,
    0.26574135754871825,
    0.2603559873585699,
    0.27255548685349673,
    0.2708091037173882,
    0.2672285229653107,
    0.2665217920911873,
    0.26480046498687004,
    0.2773607744779279,
    0.2671768413140336,
    0.2704391327719188
  ],
  "val_loss": [
    1.5211080225502573,
    1.5033077990136496,
    1.536064880650218,
    1.567565387826625,
    1.5009346289363334,
    1.5252507421059338,
    1.525731602335364,
    1.515353305553033,
    1.514496873064739,
    1.483572590641859,
    1.4981637514703643,
    1.4871933091946734,
    1.5166245408174468,
    1.5486247772123756,
    1.4974204437519476,
    1.5446514860401308,
    1.5138571911711034,
    1.4990676849838194,
    1.54892507025866,
    1.5125304412066451,
    1.5341071888683289,
    1.542692456788164,
    1.5430431375658609,
    1.4937158677636124,
    1.4715638771289732,
    1.4775012246961516,
    1.5111001274450038,
    1.5277993998876431,
    1.472233714126959,
    1.4561003698566095,
    1.4743281564092248,
    1.4792375554883384,
    1.484494498105553,
    1.5218898348691987,
    1.548424593801421,
    1.4998910572470687,
    1.4989686186720685,
    1.4878716333125666,
    1.5127115850526143,
    1.5420848121487998
  ],
  "val_acc": [
    30.949948927477017,
    32.78855975485189,
    29.31562819203269,
    33.09499489274771,
    33.299284984678245,
    30.030643513789578,
    29.928498467824312,
    31.971399387129722,
    30.132788559754854,
    33.19713993871297,
    34.11644535240041,
    33.19713993871297,
    29.009193054136873,
    28.29417773237998,
    34.62717058222676,
    33.299284984678245,
    34.62717058222676,
    33.8100102145046,
    29.6220633299285,
    34.72931562819203,
    30.745658835546475,
    32.78855975485189,
    32.27783452502553,
    31.869254341164456,
    35.85291113381001,
    33.605720122574056,
    32.78855975485189,
    33.09499489274771,
    36.057201225740556,
    36.567926455566905,
    35.5464759959142,
    34.42288049029622,
    33.8100102145046,
    33.50357507660878,
    31.971399387129722,
    34.62717058222676,
    34.831460674157306,
    32.27783452502553,
    32.379979570990805,
    31.3585291113381
  ],
  "val_f1": [
    0.23682214524269254,
    0.26393750804993776,
    0.24466837768195832,
    0.2553622603382362,
    0.2809948024146268,
    0.24723501348791843,
    0.22453641296617427,
    0.2575785472146593,
    0.27048004595397285,
    0.2790629202089564,
    0.30236421350841475,
    0.29291166284477,
    0.2632781478304674,
    0.25473143765431233,
    0.2985501943069755,
    0.2717704931752457,
    0.2800769354205645,
    0.2632182942381022,
    0.2645752939810977,
    0.2911777011048772,
    0.24045857030121884,
    0.26492986851078004,
    0.2648428977634588,
    0.2822498790115219,
    0.28938351385511263,
    0.30507862082062287,
    0.2583747694592181,
    0.25685608822758643,
    0.3179454091165258,
    0.2704511013149888,
    0.3137860231852822,
    0.2474282094455888,
    0.30319793556847596,
    0.26203292073580703,
    0.2639018727487802,
    0.30630691691940914,
    0.3041251710111916,
    0.25859596503259613,
    0.27157074090293265,
    0.2786743615228155
  ],
  "test_loss": [
    1.4780016013277255
  ],
  "test_acc": [
    33.775510204081634
  ],
  "test_f1": [
    0.25641961503056104
  ]
}