{
  "train_loss": [
    1.4249259377012446,
    1.2493038193303712,
    1.1710686240877424,
    1.111999567917415,
    1.0821464969187367,
    1.0624782604830605,
    1.036728719059302,
    1.0199943952414454,
    1.000123554528976,
    0.9801068044438654,
    0.9682924258465669,
    0.9470153033125157,
    0.9426145107162242,
    0.9312701115194633,
    0.9156055325756267,
    0.8992280430939733,
    0.8794283865665903,
    0.8745505354842361,
    0.8552259245697333,
    0.8422196292147345,
    0.8269926810751156,
    0.8165732207346935,
    0.8003162986769968
  ],
  "train_acc": [
    0.37549457562220806,
    0.47109125717932354,
    0.5201021059349075,
    0.5434588385449904,
    0.5555839183152521,
    0.567836630504148,
    0.5817485641352904,
    0.5772814294830887,
    0.598085513720485,
    0.5979578813018507,
    0.6108487555839183,
    0.6167198468410976,
    0.6228462029355456,
    0.6276962348436503,
    0.6305041480536057,
    0.6435226547543076,
    0.6455647734524569,
    0.641735800893427,
    0.6624122527121888,
    0.6653477983407785,
    0.6740268028079132,
    0.6829610721123165,
    0.6806636885768985
  ],
  "train_f1": [
    0.32865979820746666,
    0.45955280108943686,
    0.5152139532805382,
    0.5414356663943851,
    0.5538270984578344,
    0.5663149290958094,
    0.5799881003666955,
    0.5757036145389448,
    0.5967717068229815,
    0.596195417681268,
    0.6092025604519005,
    0.6157899271713363,
    0.6217536636868759,
    0.6266786059808264,
    0.6295827584551107,
    0.6423611690153942,
    0.6439484082860637,
    0.6405956875128423,
    0.6610708928043164,
    0.6642283673203228,
    0.6728035581455368,
    0.6814847773339361,
    0.6794204207105903
  ],
  "val_loss": [
    1.296608328819275,
    1.1682846546173096,
    1.1336944103240967,
    1.098178505897522,
    1.060996174812317,
    1.0452725887298584,
    1.0644563436508179,
    1.041925311088562,
    1.0268568992614746,
    1.0089802742004395,
    1.0059744119644165,
    1.0173583030700684,
    1.00699782371521,
    0.9931342005729675,
    1.0077365636825562,
    1.0106953382492065,
    0.9925796985626221,
    0.9821294546127319,
    1.0593726634979248,
    1.0096601247787476,
    1.0078880786895752,
    1.004351019859314,
    1.0172460079193115
  ],
  "val_acc": [
    0.4790602655771195,
    0.5444330949948928,
    0.5321756894790602,
    0.5607763023493361,
    0.5760980592441267,
    0.5842696629213483,
    0.5842696629213483,
    0.5812053115423902,
    0.5944841675178754,
    0.6128702757916241,
    0.5985699693564862,
    0.5965270684371808,
    0.5914198161389173,
    0.6046986721144024,
    0.6036772216547498,
    0.6006128702757916,
    0.5955056179775281,
    0.6118488253319714,
    0.5699693564862104,
    0.5903983656792645,
    0.6046986721144024,
    0.585291113381001,
    0.5985699693564862
  ],
  "val_f1": [
    0.43323410490767084,
    0.5415551513290108,
    0.5261296284336998,
    0.5469723701253766,
    0.5677313488070558,
    0.5799248782503559,
    0.5893602244912474,
    0.5729884695652487,
    0.5872680077147008,
    0.6108251851378615,
    0.5946195427459728,
    0.5953606862874561,
    0.5828455699026647,
    0.6032027824066449,
    0.595758100471056,
    0.6013856169615285,
    0.5891177038230058,
    0.6101173440633163,
    0.5574896917554832,
    0.5912928200120108,
    0.6066848336899975,
    0.5857981970380035,
    0.6030936734419869
  ],
  "test_loss": [
    1.0353747606277466
  ],
  "test_acc": [
    0.5755102040816327
  ],
  "test_f1": [
    0.5702557558493856
  ]
}