{
  "train_loss": [
    1.432689920736819,
    1.2724588253060165,
    1.1749607864691287,
    1.1109296354712273,
    1.0755036332169357,
    1.0385112114098607,
    1.0114307242996838,
    0.9918633855119043,
    0.9746528860865807,
    0.9384626407404335,
    0.9198229697285866,
    0.8919475061552865,
    0.878867675333607,
    0.8556808371933139,
    0.8248132880244936,
    0.8029004843867555,
    0.7743887220718423,
    0.747473969873117
  ],
  "train_acc": [
    0.35315890236119973,
    0.45169112954690493,
    0.5078493937460115,
    0.5391193363114231,
    0.5553286534779834,
    0.5763880025526483,
    0.5887683471601787,
    0.5985960433950224,
    0.6113592852584556,
    0.6257817485641353,
    0.6292278238672623,
    0.6520740268028079,
    0.6574345883854499,
    0.6602425015954052,
    0.6756860242501596,
    0.6835992342054882,
    0.6981493299298022,
    0.7088704530950861
  ],
  "train_f1": [
    0.3215643086537755,
    0.43777772490723477,
    0.5027977117460364,
    0.537894213380999,
    0.5547330661337977,
    0.5751828416137884,
    0.5878538785778676,
    0.5971552014119087,
    0.6103475987768838,
    0.6247091922182489,
    0.6281481944244401,
    0.6508347430552139,
    0.6564671616789101,
    0.6590642132433162,
    0.6747008665114965,
    0.6831922967634732,
    0.6971325120070576,
    0.7085967455918136
  ],
  "val_loss": [
    1.3133666515350342,
    1.188766360282898,
    1.1170079708099365,
    1.064855933189392,
    1.0409339666366577,
    1.0532963275909424,
    1.0185275077819824,
    1.0414289236068726,
    0.9809810519218445,
    0.995509922504425,
    1.012616515159607,
    1.048344373703003,
    0.9776144623756409,
    1.0069557428359985,
    1.0278922319412231,
    1.0048283338546753,
    1.0142009258270264,
    1.0310415029525757
  ],
  "val_acc": [
    0.4576098059244127,
    0.5178753830439223,
    0.567926455566905,
    0.5873340143003064,
    0.5914198161389173,
    0.5903983656792645,
    0.6067415730337079,
    0.585291113381001,
    0.6138917262512769,
    0.6036772216547498,
    0.5791624106230848,
    0.5791624106230848,
    0.5975485188968335,
    0.5955056179775281,
    0.599591419816139,
    0.6036772216547498,
    0.5893769152196119,
    0.6006128702757916
  ],
  "val_f1": [
    0.4316020285546621,
    0.5140559825940968,
    0.5681783934835698,
    0.5873504727680234,
    0.5849926954600091,
    0.5914762464335904,
    0.605532081568013,
    0.5872089482833401,
    0.6145544911293435,
    0.6040578188101454,
    0.5660963146413147,
    0.5831281513406102,
    0.595625238023914,
    0.595488826421827,
    0.5999886620477144,
    0.6008035798871976,
    0.583475200582141,
    0.5931898484322053
  ],
  "test_loss": [
    1.0624445676803589
  ],
  "test_acc": [
    0.5612244897959183
  ],
  "test_f1": [
    0.5547423469135868
  ]
}