{
  "train_loss": [
    1.4243668103704648,
    1.2778903085358289,
    1.208959776892954,
    1.1530664057147746,
    1.1104393556409953,
    1.0813195221278131,
    1.058294812148931,
    1.042863574076672,
    1.0184006287127125,
    1.0079267877705242,
    0.9921609978286587,
    0.9767182234598666,
    0.9633978428889294,
    0.9545504313342426,
    0.9330064075333732,
    0.9262030683001693,
    0.9118768297896094,
    0.8917378870200138,
    0.8868269511631557,
    0.8734263438351301,
    0.864210629584838,
    0.8444653174706868,
    0.8387471276886609,
    0.8223907618498315,
    0.8101196701429328,
    0.8008491187071314,
    0.7860326429410857,
    0.7740443822072477,
    0.7616241940430233,
    0.7474995345485453,
    0.7317143546075237,
    0.7217653080516931,
    0.6978896607549823
  ],
  "train_acc": [
    0.3730695596681557,
    0.45807275047862156,
    0.4980216975111678,
    0.5257179323548181,
    0.5425654116145501,
    0.5636247606892151,
    0.5702616464582004,
    0.5707721761327377,
    0.5867262284620294,
    0.5945118059987237,
    0.6040842373962987,
    0.6071474154435227,
    0.61148691767709,
    0.6190172303765157,
    0.62680280791321,
    0.6312699425654116,
    0.6350989151244416,
    0.6408423739629866,
    0.6456924058710912,
    0.6541161455009572,
    0.6538608806636885,
    0.6693044033184429,
    0.6684109763880025,
    0.6777281429483089,
    0.6815571155073389,
    0.6846202935545629,
    0.6924058710912572,
    0.6940650925335035,
    0.7042756860242502,
    0.7050414805360562,
    0.7135928525845565,
    0.7194639438417358,
    0.7310784939374602
  ],
  "train_f1": [
    0.3172342402548359,
    0.43966220318863813,
    0.4906635801537573,
    0.5224127947960098,
    0.5392550930119252,
    0.5610861487967184,
    0.5679318468544545,
    0.5689433478504752,
    0.5846928350629423,
    0.5931185842492431,
    0.6019399707480659,
    0.6056570263138049,
    0.6090522282556566,
    0.6163154247946219,
    0.6251527150802667,
    0.629711541732585,
    0.6331590403422765,
    0.6390716276878233,
    0.6443915100244091,
    0.6523906815818038,
    0.6520202017004719,
    0.6674468674583662,
    0.6665531558886867,
    0.676190839012326,
    0.6801374009146319,
    0.6831511937162783,
    0.6911440683879724,
    0.6926617095684904,
    0.7031606237726106,
    0.7038133565193341,
    0.7122887300405849,
    0.7183005783628544,
    0.7296332817994886
  ],
  "val_loss": [
    1.304137110710144,
    1.2351890802383423,
    1.162999153137207,
    1.140634298324585,
    1.0931416749954224,
    1.0815423727035522,
    1.0654910802841187,
    1.0499484539031982,
    1.069977045059204,
    1.0181933641433716,
    1.0274114608764648,
    1.0217328071594238,
    0.99603670835495,
    1.0011260509490967,
    1.0201894044876099,
    0.9912211298942566,
    1.0029628276824951,
    0.9844146370887756,
    0.9977059364318848,
    0.9893222451210022,
    0.9911336898803711,
    0.9849015474319458,
    0.9827761650085449,
    0.9933589100837708,
    1.0027087926864624,
    0.9926827549934387,
    0.9945111870765686,
    0.9818671345710754,
    1.03689706325531,
    0.9924110174179077,
    0.9918800592422485,
    0.9915353059768677,
    1.0204825401306152
  ],
  "val_acc": [
    0.47088866189989786,
    0.4974463738508682,
    0.5352400408580184,
    0.5362614913176711,
    0.567926455566905,
    0.5771195097037793,
    0.5638406537282942,
    0.5934627170582226,
    0.5791624106230848,
    0.6046986721144024,
    0.6036772216547498,
    0.5903983656792645,
    0.6077630234933605,
    0.6179775280898876,
    0.6108273748723186,
    0.609805924412666,
    0.609805924412666,
    0.6220633299284984,
    0.6016343207354443,
    0.6046986721144024,
    0.6118488253319714,
    0.6036772216547498,
    0.6046986721144024,
    0.6087844739530133,
    0.6026557711950971,
    0.6067415730337079,
    0.6138917262512769,
    0.6077630234933605,
    0.599591419816139,
    0.6077630234933605,
    0.6128702757916241,
    0.6087844739530133,
    0.616956077630235
  ],
  "val_f1": [
    0.44068022864858636,
    0.49252709188619626,
    0.531645936131461,
    0.5254893326264056,
    0.5640196234571346,
    0.5803175703336482,
    0.5542338597644526,
    0.5937135701193758,
    0.5848582045043381,
    0.6010028033666296,
    0.6026646165423951,
    0.5775117774322804,
    0.6058020870177598,
    0.6186110029201898,
    0.6113042733532146,
    0.6128130736534021,
    0.6072291194056195,
    0.6227855481819169,
    0.588301687195933,
    0.5970900482231732,
    0.6107593744573553,
    0.6050665738207981,
    0.6039954519150054,
    0.6091692058973874,
    0.5890183712050394,
    0.6087500807039533,
    0.6172931903921056,
    0.6107293541990855,
    0.5934948228241702,
    0.6033777279193328,
    0.6125390827954278,
    0.604833981203647,
    0.6186460748038946
  ],
  "test_loss": [
    1.0539246797561646
  ],
  "test_acc": [
    0.5683673469387756
  ],
  "test_f1": [
    0.5727759005802822
  ]
}