{
  "train_loss": [
    1.4333855500026624,
    1.2794444621825705,
    1.204814119728244,
    1.1570871776464033,
    1.1111393452907095,
    1.0855687664479625,
    1.0542818552377273,
    1.0385695914832913,
    1.0188695592539652,
    1.0018893710204533,
    0.9801954957903648,
    0.9753357498013243,
    0.9517391054605951,
    0.9484213409983382,
    0.9281852918011801,
    0.9166372144708828,
    0.9056970660783806,
    0.8963841758820476,
    0.877235054422398,
    0.8708449102177912,
    0.8605494948674222
  ],
  "train_acc": [
    0.3694958519463944,
    0.4619017230376516,
    0.5032546266751755,
    0.5208679004467135,
    0.5456285896617741,
    0.5634971282705807,
    0.570516911295469,
    0.5754945756222081,
    0.5818761965539248,
    0.586215698787492,
    0.601914486279515,
    0.60765794511806,
    0.6196553924696873,
    0.6112316528398213,
    0.6238672622846203,
    0.635609444798979,
    0.6350989151244416,
    0.6400765794511806,
    0.6513082322910019,
    0.6552648372686662,
    0.6616464582003829
  ],
  "train_f1": [
    0.31551399305424305,
    0.4421175399039794,
    0.496164470031911,
    0.5167946572064588,
    0.5428648653992048,
    0.5603850605727131,
    0.567947601024668,
    0.5726368207152873,
    0.5794232890037383,
    0.5839099255331437,
    0.6001999289294458,
    0.6059047209742308,
    0.6179174676167823,
    0.6086786663217016,
    0.6222720430074243,
    0.6332908330632464,
    0.6336004601470949,
    0.6384253558586496,
    0.649665934800046,
    0.6541504333372277,
    0.6599275106950774
  ],
  "val_loss": [
    1.3156200647354126,
    1.2396060228347778,
    1.168421745300293,
    1.1149228811264038,
    1.1077415943145752,
    1.0712589025497437,
    1.059982419013977,
    1.0593879222869873,
    1.0191553831100464,
    1.0393598079681396,
    1.0141770839691162,
    1.0518558025360107,
    0.9944032430648804,
    1.0020407438278198,
    0.9968730807304382,
    0.980549156665802,
    1.0139293670654297,
    0.9996515512466431,
    1.0094236135482788,
    1.0004475116729736,
    0.9959439635276794
  ],
  "val_acc": [
    0.47088866189989786,
    0.48927477017364657,
    0.5311542390194075,
    0.5556690500510725,
    0.557711950970378,
    0.5832482124616956,
    0.5883554647599591,
    0.585291113381001,
    0.5975485188968335,
    0.6006128702757916,
    0.6057201225740552,
    0.5873340143003064,
    0.6118488253319714,
    0.6149131767109295,
    0.6077630234933605,
    0.6067415730337079,
    0.6006128702757916,
    0.609805924412666,
    0.5985699693564862,
    0.609805924412666,
    0.6087844739530133
  ],
  "val_f1": [
    0.43629494185264855,
    0.48053656762974856,
    0.5310108648023608,
    0.556506424125381,
    0.5366337666718113,
    0.5800207925364976,
    0.5850244094553464,
    0.579603437630062,
    0.5956995880185583,
    0.6032975566780384,
    0.6026899295455553,
    0.592407816732252,
    0.6122099069546453,
    0.6087550840898358,
    0.5983924028508117,
    0.6041441148395441,
    0.6027925227827468,
    0.6057069189150173,
    0.5971478974781691,
    0.6020360665377557,
    0.6028185342401436
  ],
  "test_loss": [
    1.0464097261428833
  ],
  "test_acc": [
    0.5714285714285714
  ],
  "test_f1": [
    0.5664589204495726
  ]
}