{
  "train_loss": [
    1.4265423384231228,
    1.2353477850337686,
    1.1588308656338133,
    1.1007845416205597,
    1.0514133671847006,
    1.019234961682228,
    0.9795689079343594,
    0.945624725310053,
    0.9183915196776518,
    0.9006972066056939,
    0.857442322000885,
    0.8401929677597167,
    0.815064534074626
  ],
  "train_acc": [
    0.3624760689215061,
    0.48998085513720485,
    0.5275047862156987,
    0.550606253988513,
    0.5761327377153798,
    0.5910657306955966,
    0.614932992980217,
    0.6239948947032546,
    0.6423739629865985,
    0.6358647096362476,
    0.6625398851308232,
    0.6657306955966815,
    0.6773452456924058
  ],
  "train_f1": [
    0.344923041149415,
    0.48442909627306546,
    0.5219379294458617,
    0.5470120385640663,
    0.5710845560171426,
    0.5868462828147623,
    0.6107042821235584,
    0.6191713978294426,
    0.6394816274297019,
    0.6326176865534888,
    0.6591912046133233,
    0.6626121062455719,
    0.6748919537491983
  ],
  "val_loss": [
    1.253394603729248,
    1.251752495765686,
    1.1161655187606812,
    1.0605896711349487,
    1.0436840057373047,
    1.021974802017212,
    1.0358526706695557,
    1.0086596012115479,
    1.0591644048690796,
    1.0535647869110107,
    1.204840898513794,
    1.0846980810165405,
    1.0731940269470215
  ],
  "val_acc": [
    0.491317671092952,
    0.4616956077630235,
    0.5311542390194075,
    0.5965270684371808,
    0.585291113381001,
    0.6026557711950971,
    0.6067415730337079,
    0.5965270684371808,
    0.5975485188968335,
    0.5689479060265578,
    0.5597548518896833,
    0.5944841675178754,
    0.5883554647599591
  ],
  "val_f1": [
    0.48733401151626343,
    0.4618446939105916,
    0.5292084220082272,
    0.5931274108292545,
    0.58250705251268,
    0.5956345788676475,
    0.6065998915889774,
    0.5984724274582974,
    0.6019657311853311,
    0.571500783144217,
    0.5622448597745133,
    0.5964223106923023,
    0.5819166506145739
  ],
  "test_loss": [
    1.1037269830703735
  ],
  "test_acc": [
    0.5561224489795918
  ],
  "test_f1": [
    0.5589521502885312
  ]
}