{
  "train_loss": [
    1.442074890904064,
    1.2837803991527628,
    1.1956800840587762,
    1.1418935309842633,
    1.111241723065402,
    1.0748341750527575,
    1.048599980759894,
    1.019475558631309,
    0.9989790384360671,
    0.972946881090639,
    0.9484966360732299,
    0.928050736378084,
    0.9109881964602853,
    0.8907936086331355,
    0.8536434704911847
  ],
  "train_acc": [
    0.3600510529674537,
    0.4603701340140396,
    0.5061901723037652,
    0.5269942565411615,
    0.5429483088704531,
    0.5626037013401404,
    0.5700063816209318,
    0.5905552010210593,
    0.5917038927887683,
    0.6093171665603063,
    0.6204211869814933,
    0.6234843650287173,
    0.6319081046585833,
    0.6451818761965539,
    0.6546266751754946
  ],
  "train_f1": [
    0.3288018007362257,
    0.4506027160117671,
    0.500014526824272,
    0.5213974871799409,
    0.5367460389094589,
    0.5580767471944471,
    0.5649313368769088,
    0.5872159315243529,
    0.5875941429221173,
    0.6054183018357867,
    0.6179490854607989,
    0.6209585244283303,
    0.6287207196568363,
    0.6419216181532698,
    0.6525464558820591
  ],
  "val_loss": [
    1.3688061237335205,
    1.2130343914031982,
    1.1447488069534302,
    1.1764709949493408,
    1.103907585144043,
    1.1050854921340942,
    1.0965040922164917,
    1.1401396989822388,
    1.103994607925415,
    1.0781571865081787,
    1.1137257814407349,
    1.0928211212158203,
    1.1711914539337158,
    1.1184676885604858,
    1.3011364936828613
  ],
  "val_acc": [
    0.44433094994892747,
    0.5291113381001021,
    0.5403472931562819,
    0.5321756894790602,
    0.5393258426966292,
    0.5393258426966292,
    0.54341164453524,
    0.5526046986721144,
    0.5709908069458631,
    0.5474974463738509,
    0.5617977528089888,
    0.5740551583248212,
    0.557711950970378,
    0.5515832482124617,
    0.5301327885597549
  ],
  "val_f1": [
    0.41246890875707015,
    0.5283846662510993,
    0.5381814096064643,
    0.5388753053704688,
    0.5374924117194101,
    0.5389016660354089,
    0.5489226500174144,
    0.5575606355655427,
    0.5760875520504095,
    0.5501091142619353,
    0.5579963779908839,
    0.5822194673016776,
    0.568380410515946,
    0.5537542084221506,
    0.5324022315372504
  ],
  "test_loss": [
    1.1476826667785645
  ],
  "test_acc": [
    0.5061224489795918
  ],
  "test_f1": [
    0.5136303196396513
  ]
}