{
  "train_loss": [
    1.437289628355691,
    1.2591430972833728,
    1.1989864255370588,
    1.1576256925756452,
    1.1166191264243455,
    1.0860425848575646,
    1.0459947341333051,
    1.0226626144898376
  ],
  "train_acc": [
    0.3670708359923421,
    0.46802807913209954,
    0.49355456285896615,
    0.5167836630504148,
    0.5369495851946394,
    0.5548181238034461,
    0.5677089980855137,
    0.5674537332482451
  ],
  "train_f1": [
    0.3408467321582838,
    0.45993962667544724,
    0.4849041083747725,
    0.5106810920480551,
    0.5313174126594309,
    0.5505067075003088,
    0.5624205716847572,
    0.5624760136235523
  ],
  "val_loss": [
    1.2944518327713013,
    1.2274314165115356,
    1.1240520477294922,
    1.1405020952224731,
    1.1635775566101074,
    1.1320593357086182,
    1.1418582201004028,
    1.2594647407531738
  ],
  "val_acc": [
    0.4729315628192033,
    0.4923391215526047,
    0.5291113381001021,
    0.5362614913176711,
    0.5342185903983657,
    0.5188968335035751,
    0.515832482124617,
    0.5148110316649642
  ],
  "val_f1": [
    0.4530269102338372,
    0.48935297679794976,
    0.5175272859861849,
    0.5300061762411055,
    0.5363559690391867,
    0.5219139436257745,
    0.5135009138714836,
    0.5102478762158792
  ],
  "test_loss": [
    1.2076001167297363
  ],
  "test_acc": [
    0.5071428571428571
  ],
  "test_f1": [
    0.5011690309278897
  ]
}